hourly_timestamp,Hour_Sin,Hour_Cos,DayOfWeek,IsWeekend,Ambient_Temp_C,Temp_Rolling_Mean,Occupancy_Category,HVAC_Power_kW,CO2_Level,Light,Humidity,Appliance_Energy_Wh,Lighting_Energy_Wh,Outside_Temp_C,Windspeed,Efficiency_Category,Relative_Compactness,Overall_Height
2016-03-14 11:00:00,0.0,1.0,0,0,19.866868055555557,19.866868055555557,Medium,0.383842105263158,603.5138888888889,0.0,27.999916666666664,322.10526315789474,26.842105263157894,6.7903508771929815,4.114035087719299,Low_Efficiency,0.76,7.0
2016-02-02 09:00:00,0.0,1.0,1,0,20.360935185185184,20.11390162037037,Low,0.285705,550.4239814814815,0.0,28.53406388888889,396.5,57.0,6.002083333333333,3.45,High_Efficiency,0.74,3.5
2016-05-12 14:00:00,0.0,1.0,2,0,20.861555555555555,20.363119598765433,Medium,0.3127575,911.2202777777779,0.0,26.911652777777782,312.5,22.0,5.732916666666666,4.116666666666666,Medium_Efficiency,0.76,7.0
2016-05-12 09:00:00,0.0,1.0,3,0,20.903111111111112,20.708533950617284,Low,0.19719,481.2576388888889,0.0,25.990097222222225,295.5,17.5,5.012083333333334,2.729166666666667,High_Efficiency,0.64,3.5
2016-04-07 19:00:00,0.0,1.0,4,0,20.594416666666667,20.78636111111111,Low,0.2295,508.29791666666665,0.0,23.237222222222222,294.0,6.0,5.912152777777778,2.9194444444444443,Medium_Efficiency,0.64,3.5
2016-03-05 03:00:00,0.0,1.0,5,1,19.982402777777775,20.493310185185184,Low,0.22587631578947373,471.0416666666667,0.0,26.457284722222226,294.7368421052632,0.5263157894736842,6.610307017543859,3.8114035087719293,Medium_Efficiency,0.9,7.0
2016-03-19 23:00:00,0.0,1.0,6,1,19.76978472222222,20.11553472222222,Low,0.1906578947368421,488.56388888888887,0.0,32.61923611111111,300.0,2.6315789473684212,6.536842105263157,3.956140350877193,High_Efficiency,0.74,3.5
2016-05-11 15:00:00,0.25881904510252074,0.9659258262890683,0,0,19.857636612021857,19.857636612021857,Medium,0.25531578947368416,654.1174863387978,0.0,27.658053278688527,316.3157894736842,15.263157894736842,6.41359649122807,4.030701754385965,High_Efficiency,0.69,3.5
2016-04-28 23:00:00,0.25881904510252074,0.9659258262890683,1,0,20.29275956284153,20.075198087431694,Low,0.2742525,543.056102003643,0.0,28.472098360655735,337.5,21.0,5.7491666666666665,3.120833333333333,Medium_Efficiency,0.82,7.0
2016-05-05 11:00:00,0.25881904510252074,0.9659258262890683,2,0,20.785260928961748,20.311885701275045,Medium,0.249095,973.3642076502731,0.0,26.343445355191257,315.5,8.0,5.467777777777778,3.993055555555556,High_Efficiency,0.62,3.5
2016-02-04 11:00:00,0.25881904510252074,0.9659258262890683,3,0,20.877459016393445,20.651826502732238,Low,0.19120499999999999,489.38524590163934,0.0,25.555136612021858,296.5,7.0,4.6570833333333335,2.7833333333333337,High_Efficiency,0.69,3.5
2016-03-17 16:00:00,0.25881904510252074,0.9659258262890683,4,0,20.68408469945355,20.78226821493625,Low,0.2252925,508.06010928961746,0.0,22.588825136612023,293.5,1.0,5.706736111111111,2.8944444444444444,Medium_Efficiency,0.82,7.0
2016-04-07 16:00:00,0.25881904510252074,0.9659258262890683,5,1,19.90327868852459,20.48827413479053,Low,0.2226552631578947,470.1502732240437,0.0,27.174112021857926,289.4736842105263,1.5789473684210527,6.449342105263158,3.929824561403509,Medium_Efficiency,0.98,7.0
2016-05-17 16:00:00,0.25881904510252074,0.9659258262890683,6,1,19.7402868852459,20.109216757741347,Low,0.1933105263157895,489.3490437158471,0.0,32.60855191256831,306.3157894736842,0.5263157894736842,6.185087719298245,3.807017543859649,High_Efficiency,0.74,3.5
2016-03-13 22:00:00,0.49999999999999994,0.8660254037844387,0,0,19.891087570621472,19.891087570621472,Medium,0.29427894736842114,664.0204802259888,0.0,27.0169209039548,305.7894736842105,8.947368421052632,6.108771929824561,4.065789473684211,Medium_Efficiency,0.9,7.0
2016-02-25 10:00:00,0.49999999999999994,0.8660254037844387,1,0,20.246826741996234,20.068957156308855,Low,0.188685,538.4551789077212,0.0,28.520362523540488,294.5,5.0,5.60375,3.2541666666666664,High_Efficiency,0.74,3.5
2016-01-16 23:00:00,0.49999999999999994,0.8660254037844387,2,0,20.70532485875706,20.28107972379159,Medium,0.229845,871.0101694915253,0.0,25.96097457627119,297.0,1.5,5.153611111111111,3.9763888888888888,High_Efficiency,0.69,3.5
2016-04-05 00:00:00,0.49999999999999994,0.8660254037844387,3,0,20.813064971751416,20.588405524168238,Low,0.22261499999999995,496.37288135593224,0.0,25.14045197740113,290.5,0.5,4.3375,2.9,Medium_Efficiency,0.64,3.5
2016-05-19 13:00:00,0.49999999999999994,0.8660254037844387,4,0,20.746935028248586,20.755108286252355,Low,0.26685,506.1490112994351,0.0,22.065826271186445,296.0,0.5,5.575,3.2375,Low_Efficiency,0.76,7.0
2016-04-28 20:00:00,0.49999999999999994,0.8660254037844387,5,1,19.834901129943503,20.464967043314502,Low,0.2576842105263158,471.37994350282486,0.0,27.59731638418079,285.2631578947368,1.0526315789473684,6.238157894736842,3.8552631578947367,Low_Efficiency,0.79,7.0
2016-04-10 17:00:00,0.49999999999999994,0.8660254037844387,6,1,19.690254237288137,20.090696798493408,Low,0.18435789473684214,490.50282485875704,0.0,32.509519774011295,292.10526315789474,0.5263157894736842,5.962719298245614,3.640350877192983,High_Efficiency,0.66,3.5
2016-05-10 02:00:00,0.7071067811865476,0.7071067811865476,0,0,19.87763888888889,19.87763888888889,Medium,0.23667368421052631,666.2034722222222,0.0,26.666944444444447,301.05263157894734,6.315789473684211,5.891666666666667,4.092105263157895,High_Efficiency,0.71,3.5
2016-02-03 22:00:00,0.7071067811865476,0.7071067811865476,1,0,20.26160462962963,20.06962175925926,Low,0.179865,536.9736111111112,0.0,28.588568518518517,282.5,3.0,5.269166666666666,3.1083333333333334,High_Efficiency,0.69,3.5
2016-04-20 22:00:00,0.7071067811865476,0.7071067811865476,2,0,20.745930555555557,20.295058024691357,Medium,0.22407,906.7685317460316,0.0,25.53214642857143,290.5,0.5,4.881111111111111,3.9805555555555556,High_Efficiency,0.74,3.5
2016-03-09 08:00:00,0.7071067811865476,0.7071067811865476,3,0,20.795361111111113,20.600965432098764,Low,0.17703,521.9319444444444,0.0,24.64871527777778,280.5,0.5,4.055,2.7958333333333334,High_Efficiency,0.71,3.5
2016-05-09 14:00:00,0.7071067811865476,0.7071067811865476,4,0,20.70167361111111,20.747655092592595,Low,0.183015,506.12777777777774,0.0,21.684555555555555,289.0,1.5,5.539583333333333,3.5,High_Efficiency,0.62,3.5
2016-01-14 00:00:00,0.7071067811865476,0.7071067811865476,5,1,19.752125,20.41638657407407,Low,0.25815789473684214,470.7694444444444,0.0,27.818770833333332,286.3157894736842,0.5263157894736842,5.875,3.6228070175438596,Low_Efficiency,0.76,7.0
2016-02-20 05:00:00,0.7071067811865476,0.7071067811865476,6,1,19.73155555555556,20.061784722222225,Low,0.22748684210526318,493.4409722222223,0.0,32.27954166666667,296.8421052631579,0.5263157894736842,5.660087719298245,3.4692982456140355,Medium_Efficiency,0.79,7.0
2016-03-25 18:00:00,0.8660254037844386,0.5000000000000001,0,0,19.84450819672131,19.84450819672131,Medium,0.28788157894736843,642.5314207650273,0.0,26.42254781420765,302.63157894736844,5.2631578947368425,5.572807017543859,4.0,Medium_Efficiency,0.98,7.0
2016-03-23 08:00:00,0.8660254037844386,0.5000000000000001,1,0,20.31447632058288,20.079492258652095,Low,0.22567500000000001,538.5110200364298,0.0,28.61266484517304,293.0,2.0,4.82875,2.8041666666666667,Medium_Efficiency,0.98,7.0
2016-03-01 07:00:00,0.8660254037844386,0.5000000000000001,2,0,20.745928961748632,20.30163782635094,Medium,0.3432,970.45,0.0,25.31322677595628,312.0,0.0,4.746666666666667,3.9166666666666665,Low_Efficiency,0.76,7.0
2016-02-16 05:00:00,0.8660254037844386,0.5000000000000001,3,0,20.76565573770492,20.60868700667881,Low,0.21725999999999998,503.32035519125685,0.0,24.153183060109292,284.0,0.0,3.8154166666666667,2.65,Medium_Efficiency,0.82,7.0
2016-02-29 03:00:00,0.8660254037844386,0.5000000000000001,4,0,20.65610655737705,20.722563752276866,Low,0.185535,505.03551912568304,0.0,21.56251366120219,293.5,1.0,5.438958333333334,3.6145833333333335,High_Efficiency,0.74,3.5
2016-01-19 20:00:00,0.8660254037844386,0.5000000000000001,5,1,19.70771857923497,20.376493624772312,Low,0.18170526315789473,471.54508196721315,0.0,28.018620218579233,287.89473684210526,0.5263157894736842,5.623684210526315,3.6622807017543857,High_Efficiency,0.74,3.5
2016-05-08 07:00:00,0.8660254037844386,0.5000000000000001,6,1,19.722937158469946,20.028920765027323,Low,0.27,498.09426229508193,0.0,31.940853825136614,300.0,0.0,5.377631578947368,3.3596491228070176,Low_Efficiency,0.76,7.0
2016-02-11 04:00:00,0.9659258262890683,0.25881904510252074,0,0,19.929731638418083,19.929731638418083,Medium,0.2605842105263158,627.340395480226,0.0,26.10620056497175,328.94736842105266,9.473684210526315,5.3614035087719305,3.956140350877193,High_Efficiency,0.69,3.5
2016-05-08 11:00:00,0.9659258262890683,0.25881904510252074,1,0,20.29597457627119,20.112853107344634,Low,0.279225,540.4684557438794,0.0,28.67860640301318,359.0,6.0,4.615833333333333,2.8666666666666667,Medium_Efficiency,0.9,7.0
2016-02-09 18:00:00,0.9659258262890683,0.25881904510252074,2,0,20.704484463276835,20.310063559322035,Medium,0.25833500000000004,995.902118644068,0.0,25.348454802259887,330.5,5.0,4.672916666666667,3.7375,High_Efficiency,0.64,3.5
2016-03-21 09:00:00,0.9659258262890683,0.25881904510252074,3,0,20.70910310734463,20.569854048964217,Low,0.29115,511.1094632768361,0.0,23.635805084745762,318.5,5.0,3.5645833333333328,2.525,Low_Efficiency,0.79,7.0
2016-03-11 14:00:00,0.9659258262890683,0.25881904510252074,4,0,20.570127118644066,20.661238229755174,Low,0.26775,498.43008474576277,0.0,21.86887711864407,296.0,1.5,5.341458333333334,3.86875,Low_Efficiency,0.79,7.0
2016-04-05 18:00:00,0.9659258262890683,0.25881904510252074,5,1,19.684392655367233,20.321207627118643,Low,0.17540526315789473,473.0127118644068,0.0,28.758778248587568,278.42105263157896,0.0,5.520175438596491,3.653508771929825,High_Efficiency,0.66,3.5
2016-03-09 23:00:00,0.9659258262890683,0.25881904510252074,6,1,19.68936440677966,19.98129472693032,Low,0.2307078947368421,500.7881355932203,0.0,31.92997175141243,301.57894736842104,0.0,5.223684210526316,3.5307017543859645,Medium_Efficiency,0.9,7.0
2016-04-03 00:00:00,1.0,6.123233995736766e-17,0,0,19.88725,19.88725,Medium,0.2699052631578947,633.9354166666667,0.0,25.699131944444446,337.36842105263156,13.157894736842104,5.342105263157895,4.0701754385964914,High_Efficiency,0.71,3.5
2016-05-05 01:00:00,1.0,6.123233995736766e-17,1,0,20.303224999999998,20.0952375,Low,0.2535975,544.7062037037036,0.0,28.745089814814815,318.0,13.5,4.625,2.916666666666667,Medium_Efficiency,0.86,7.0
2016-04-27 21:00:00,1.0,6.123233995736766e-17,2,0,20.674486111111108,20.288320370370368,Medium,0.41981500000000005,988.4120833333335,0.0,25.391944444444444,442.0,7.0,4.56625,3.6083333333333334,Medium_Efficiency,0.82,7.0
2016-02-19 00:00:00,1.0,6.123233995736766e-17,3,0,20.69141666666667,20.556375925925924,Low,0.23447249999999997,530.5597222222221,0.0,22.9161875,302.0,4.5,3.3733333333333335,2.4541666666666666,Medium_Efficiency,0.86,7.0
2016-03-31 19:00:00,1.0,6.123233995736766e-17,4,0,20.53686805555555,20.63425694444444,Low,0.3392775,487.4111111111111,0.0,21.98970138888889,437.0,6.5,5.303511904761905,3.7946428571428568,Medium_Efficiency,0.86,7.0
2016-03-29 03:00:00,1.0,6.123233995736766e-17,5,1,19.627055555555557,20.285113425925925,Low,0.18468947368421054,475.1298611111111,0.0,29.17765277777778,292.63157894736844,0.5263157894736842,5.52280701754386,3.640350877192983,High_Efficiency,0.71,3.5
2016-04-13 16:00:00,1.0,6.123233995736766e-17,6,1,19.624118055555556,19.929347222222223,Low,0.1820368421052632,505.02083333333326,0.0,31.87258333333333,288.94736842105266,0.0,5.202192982456141,3.596491228070175,High_Efficiency,0.71,3.5
2016-02-12 05:00:00,0.9659258262890683,-0.25881904510252063,0,0,19.901653005464482,19.901653005464482,Medium,0.4212421052631579,640.311475409836,0.0,25.372158469945354,428.42105263157896,22.105263157894736,5.667543859649122,4.2061403508771935,Medium_Efficiency,0.98,7.0
2016-01-19 12:00:00,0.9659258262890683,-0.25881904510252063,1,0,20.422653916211292,20.162153460837885,Low,0.40851000000000004,560.4837887067396,55.04298724954463,28.79409198542805,494.0,40.0,4.861666666666666,3.129166666666667,Medium_Efficiency,0.9,7.0
2016-03-26 02:00:00,0.9659258262890683,-0.25881904510252063,2,0,20.627491803278687,20.317266241651485,Medium,0.4301000000000001,971.7299180327869,77.44740437158471,25.543464480874313,433.0,27.0,4.649166666666667,3.675,Medium_Efficiency,0.98,7.0
2016-03-04 11:00:00,0.9659258262890683,-0.25881904510252063,3,0,20.637397540983606,20.562514420157864,Low,0.381735,597.2964480874317,76.7844262295082,22.685710382513662,472.5,26.5,3.6575,2.5791666666666666,Medium_Efficiency,0.86,7.0
2016-05-07 05:00:00,0.9659258262890683,-0.25881904510252063,4,0,20.550252732240438,20.605047358834245,Low,0.40761000000000003,483.80601092896177,69.75300546448088,22.106871584699455,625.5,21.5,5.460357142857143,3.6142857142857148,High_Efficiency,0.66,3.5
2016-05-23 22:00:00,0.9659258262890683,-0.25881904510252063,5,1,19.643251366120218,20.276967213114755,Low,0.31445526315789474,477.66666666666663,0.0,28.766837431693993,408.94736842105266,2.1052631578947367,5.7537280701754385,3.6228070175438596,Medium_Efficiency,0.9,7.0
2016-02-14 21:00:00,0.9659258262890683,-0.25881904510252063,6,1,19.59311475409836,19.92887295081967,Low,0.3353921052631579,512.2370218579235,0.3442622950819672,31.420252732240435,433.6842105263158,4.7368421052631575,5.272368421052631,3.6271929824561404,Medium_Efficiency,0.98,7.0
2016-02-11 08:00:00,0.8660254037844387,-0.4999999999999998,0,0,19.987697740112992,19.987697740112992,Medium,0.44862631578947365,657.9114406779661,112.57485875706216,25.73880649717514,564.2105263157895,18.42105263157895,6.35,4.337719298245614,High_Efficiency,0.62,3.5
2016-05-11 22:00:00,0.8660254037844387,-0.4999999999999998,1,0,20.586306967984935,20.287002354048965,Medium,0.41734000000000004,640.0435969868173,243.37580037664785,29.513338041431265,524.5,17.5,5.442916666666666,3.2458333333333336,High_Efficiency,0.62,3.5
2016-01-21 21:00:00,0.8660254037844387,-0.4999999999999998,2,0,20.87358212267958,20.482528943592502,High,0.6579299999999999,1061.3332728006455,224.88079096045198,26.1254604519774,672.0,51.0,5.254166666666666,3.8708333333333327,High_Efficiency,0.62,3.5
2016-05-18 13:00:00,0.8660254037844387,-0.4999999999999998,3,0,20.97053672316384,20.810141937942785,Medium,0.5394950000000001,743.576836158192,324.06313559322035,23.190882768361586,548.0,29.0,4.415,2.622916666666667,Medium_Efficiency,0.86,7.0
2016-05-06 05:00:00,0.8660254037844387,-0.4999999999999998,4,0,20.939526836158194,20.927881894000535,High,0.8790275000000001,553.103813559322,234.50847457627117,22.53885593220339,768.0,27.5,6.027202380952381,3.8297619047619045,Medium_Efficiency,0.82,7.0
2016-05-07 15:00:00,0.8660254037844387,-0.4999999999999998,5,1,19.73404661016949,20.54803672316384,Low,0.3833052631578947,480.0326271186441,11.158898305084744,28.189637005649715,594.7368421052631,13.68421052631579,6.260745614035088,3.859649122807017,High_Efficiency,0.71,3.5
2016-05-26 19:00:00,0.8660254037844387,-0.4999999999999998,6,1,19.714357344632766,20.129310263653483,Low,0.6200526315789473,521.4802259887006,25.339830508474577,30.878926553672315,788.421052631579,22.105263157894736,5.876315789473685,3.9956140350877196,Medium_Efficiency,0.9,7.0
2016-03-08 10:00:00,0.7071067811865476,-0.7071067811865475,0,0,20.698930555555556,20.698930555555556,Medium,0.4644315789473684,898.2384027777778,442.50625,28.56074722222222,576.3157894736842,26.842105263157894,7.257017543859649,4.824561403508772,High_Efficiency,0.66,3.5
2016-01-21 09:00:00,0.7071067811865476,-0.7071067811865475,1,0,21.062929901960786,20.88093022875817,Medium,0.5027,817.9537037037038,436.6005010893246,30.913543685807657,444.5,12.5,6.338333333333333,3.6166666666666663,Low_Efficiency,0.79,7.0
2016-01-21 08:00:00,0.7071067811865476,-0.7071067811865475,2,0,21.534165674603173,21.098675377373173,High,0.667485,1209.5938492063492,421.1386111111111,26.450750595238098,697.5,36.0,6.252083333333333,4.004166666666666,High_Efficiency,0.74,3.5
2016-05-02 12:00:00,0.7071067811865476,-0.7071067811865475,3,0,22.09862777777778,21.565241118113914,High,0.5819449999999999,1001.5753472222223,535.0875,25.11584305555556,592.0,47.5,5.62875,2.964583333333333,High_Efficiency,0.66,3.5
2016-03-08 08:00:00,0.7071067811865476,-0.7071067811865475,4,0,21.57613194444444,21.736308465608463,Medium,0.71379,666.6870833333332,531.182361111111,23.112636111111108,904.5,22.5,6.849464285714285,3.9452380952380954,High_Efficiency,0.66,3.5
2016-03-14 04:00:00,0.7071067811865476,-0.7071067811865475,5,1,20.192798611111108,21.28918611111111,Low,0.462221052631579,480.7936111111111,115.33902777777774,27.729041666666667,725.7894736842105,7.894736842105263,7.120614035087719,4.171052631578948,High_Efficiency,0.69,3.5
2016-03-24 05:00:00,0.7071067811865476,-0.7071067811865475,6,1,20.26638611111111,20.678438888888888,Low,0.5272105263157895,529.9640277777778,126.11083333333335,30.03767777777778,800.0,36.8421052631579,6.735526315789474,4.429824561403509,High_Efficiency,0.71,3.5
2016-03-06 05:00:00,0.49999999999999994,-0.8660254037844387,0,0,21.182882513661205,21.182882513661205,High,1.2247368421052633,1091.472131147541,451.55464480874315,29.742349726775956,911.0526315789474,31.05263157894737,8.117763157894737,4.958333333333333,Low_Efficiency,0.79,7.0
2016-05-27 16:00:00,0.49999999999999994,-0.8660254037844387,1,0,21.5267156518345,21.354799082747853,High,0.493675,1046.505854800937,462.22127244340356,29.71521975019516,528.5,14.0,7.355833333333334,3.8916666666666666,High_Efficiency,0.71,3.5
2016-04-24 17:00:00,0.49999999999999994,-0.8660254037844387,2,0,23.94688528138528,22.218827815626994,High,0.53053,1132.803354978355,770.4208333333332,25.987205627705634,563.0,20.0,7.463333333333333,4.4625,High_Efficiency,0.66,3.5
2016-03-25 22:00:00,0.49999999999999994,-0.8660254037844387,3,0,22.80329918032787,22.758966704515885,Medium,0.66572,930.5191256830601,506.22814207650276,24.631688524590164,659.0,53.0,7.037708333333333,3.3833333333333337,Medium_Efficiency,0.9,7.0
2016-02-25 19:00:00,0.49999999999999994,-0.8660254037844387,4,0,22.321487704918034,23.023890722210396,Medium,0.668745,727.5997267759562,615.9176229508197,22.861648907103827,843.0,25.5,7.761726190476191,3.9607142857142863,High_Efficiency,0.71,3.5
2016-03-27 14:00:00,0.49999999999999994,-0.8660254037844387,5,1,20.94563524590164,22.02347404371585,Low,0.6081157894736842,484.90710382513663,190.47131147540983,27.311120218579234,956.8421052631579,8.421052631578947,8.04561403508772,4.394736842105263,High_Efficiency,0.71,3.5
2016-01-16 02:00:00,0.49999999999999994,-0.8660254037844387,6,1,20.58921448087432,21.285445810564667,Low,0.6671605263157895,535.659699453552,98.475956284153,29.773019125683057,826.3157894736842,45.78947368421053,7.667543859649123,4.780701754385965,Medium_Efficiency,0.98,7.0
2016-03-06 09:00:00,0.258819045102521,-0.9659258262890682,0,0,21.38045197740113,21.38045197740113,High,1.2038684210526318,1211.9355932203391,463.20480225988695,30.747161016949157,1070.5263157894738,18.94736842105263,8.963815789473685,5.006578947368421,Medium_Efficiency,0.98,7.0
2016-04-05 02:00:00,0.258819045102521,-0.9659258262890682,1,0,21.777230225988703,21.578841101694916,High,0.516035,1130.909453188055,490.04192897497984,30.2431202582728,453.5,13.5,8.284166666666668,4.2625,Medium_Efficiency,0.86,7.0
2016-03-13 01:00:00,0.258819045102521,-0.9659258262890682,3,0,23.10223870056497,22.08664030131827,Medium,0.5671050000000001,955.638418079096,356.3608757062147,24.67752824858757,691.5,45.0,8.302708333333333,3.5208333333333335,High_Efficiency,0.71,3.5
2016-03-11 20:00:00,0.258819045102521,-0.9659258262890682,4,0,22.736398305084744,22.53862241054614,Medium,0.9808149999999999,756.1411016949153,637.145197740113,22.92982768361582,1028.0,21.0,8.69565476190476,4.02202380952381,Medium_Efficiency,0.86,7.0
2016-04-09 22:00:00,0.258819045102521,-0.9659258262890682,5,1,21.636360169491525,22.49166572504708,Low,0.6943263157894737,480.89039548022606,229.42627118644066,26.470656779661017,1091.578947368421,10.526315789473685,8.81754385964912,4.885964912280702,High_Efficiency,0.64,3.5
2016-02-22 16:00:00,0.258819045102521,-0.9659258262890682,6,1,20.72883474576271,21.700531073446328,Low,0.5414684210526316,530.7187853107345,154.6991525423729,29.845706214689265,831.0526315789474,28.42105263157895,8.486842105263158,5.0394736842105265,High_Efficiency,0.74,3.5
2016-01-18 19:00:00,1.2246467991473532e-16,-1.0,0,0,21.491666666666667,21.491666666666667,High,0.8606684210526316,1150.861388888889,467.07291666666663,31.009688888888892,927.3684210526316,18.42105263157895,9.785745614035088,5.447368421052632,High_Efficiency,0.62,3.5
2016-04-25 16:00:00,1.2246467991473532e-16,-1.0,1,0,22.12334166666667,21.807504166666668,High,0.6602375,1131.6770833333335,535.8480555555556,29.87499861111111,583.5,14.0,8.964166666666667,4.658333333333333,Medium_Efficiency,0.86,7.0
2016-05-20 17:00:00,1.2246467991473532e-16,-1.0,3,0,23.354395833333335,22.32313472222222,Medium,0.655435,917.9802777777777,462.07958333333335,24.829159722222226,666.5,34.5,9.32875,3.5916666666666663,Medium_Efficiency,0.79,7.0
2016-02-08 19:00:00,1.2246467991473532e-16,-1.0,4,0,22.79436805555556,22.75736851851852,Medium,0.9653875,711.1177777777777,609.5984722222222,22.698118055555554,1021.5,11.0,9.499166666666666,4.25,Medium_Efficiency,0.76,7.0
2016-03-03 13:00:00,1.2246467991473532e-16,-1.0,5,1,21.812868055555555,22.653877314814817,Low,0.6913184210526315,478.50277777777785,190.50652777777776,26.070440277777777,890.5263157894736,13.157894736842104,9.412280701754385,5.2938596491228065,Medium_Efficiency,0.82,7.0
2016-05-15 08:00:00,1.2246467991473532e-16,-1.0,6,1,21.27956944444444,21.962268518518517,Low,0.5524105263157895,529.7840277777777,212.09930555555556,29.379555555555555,685.2631578947369,36.8421052631579,9.089473684210526,5.228070175438596,Medium_Efficiency,0.86,7.0
2016-03-09 13:00:00,-0.2588190451025208,-0.9659258262890683,0,0,21.428572404371586,21.428572404371586,High,1.4115263157894735,1019.6352459016392,374.8387978142076,30.58108606557377,1067.8947368421052,17.894736842105264,10.349342105263156,5.824561403508772,Low_Efficiency,0.9,7.0
2016-03-09 02:00:00,-0.2588190451025208,-0.9659258262890683,1,0,22.464313231850117,21.946442818110853,High,0.563745,1041.016412958626,362.2197892271663,29.577359875097578,610.5,9.0,9.347083333333334,4.579166666666667,High_Efficiency,0.64,3.5
2016-05-23 18:00:00,-0.2588190451025208,-0.9659258262890683,3,0,23.313129781420763,22.402005139214154,Medium,0.6644,810.1653005464481,299.3558743169399,24.907990437158475,572.0,32.0,10.021875,3.8479166666666664,Low_Efficiency,0.9,7.0
2016-05-18 12:00:00,-0.2588190451025208,-0.9659258262890683,4,0,22.64275273224044,22.80673191517044,Medium,0.9586500000000001,614.8564207650272,391.122131147541,22.58669398907104,865.5,6.0,10.242083333333332,4.545833333333333,Low_Efficiency,0.9,7.0
2016-04-26 13:00:00,-0.2588190451025208,-0.9659258262890683,5,1,21.779344262295083,22.578408925318765,Low,0.6445894736842105,472.7254098360655,143.68060109289618,25.974331967213118,1008.9473684210526,14.210526315789474,9.951315789473684,5.219298245614035,High_Efficiency,0.74,3.5
2016-03-14 06:00:00,-0.2588190451025208,-0.9659258262890683,6,1,21.568831967213114,21.996976320582878,Low,0.4250842105263158,537.9405737704918,137.7525956284153,28.674673497267758,653.6842105263158,21.05263157894737,9.681140350877193,5.149122807017544,High_Efficiency,0.74,3.5
2016-04-24 17:00:00,-0.4999999999999997,-0.8660254037844388,0,0,22.315541178632127,22.315541178632127,High,1.0224157894736843,1049.0526690157942,477.4187851466893,30.185039272426625,907.3684210526316,17.894736842105264,10.66798245614035,5.491228070175438,Medium_Efficiency,0.82,7.0
2016-02-07 17:00:00,-0.4999999999999997,-0.8660254037844388,1,0,22.631825060532687,22.473683119582407,High,0.5011175,1176.7142857142856,484.23274818401933,31.009792372881357,441.5,12.0,9.520416666666666,4.654166666666667,Medium_Efficiency,0.86,7.0
2016-04-08 08:00:00,-0.4999999999999997,-0.8660254037844388,2,0,21.78125,22.242872079721604,High,0.6006,1020.5138888888891,437.0416666666665,31.270277777777768,634.0,26.0,9.647083333333333,5.3375,High_Efficiency,0.69,3.5
2016-02-15 13:00:00,-0.4999999999999997,-0.8660254037844388,3,0,22.927655367231637,22.44691014258811,Medium,0.373065,763.249858757062,287.1282485875706,25.944740112994353,463.0,21.5,10.597708333333333,3.84375,High_Efficiency,0.62,3.5
2016-02-07 11:00:00,-0.4999999999999997,-0.8660254037844388,4,0,22.69140536723164,22.46677024482109,Medium,0.84865,659.4331920903956,555.4435028248588,23.613665254237286,766.5,5.0,10.742916666666668,4.833333333333334,Low_Efficiency,0.76,7.0
2016-02-28 02:00:00,-0.4999999999999997,-0.8660254037844388,5,1,21.25649717514124,22.291852636534838,Low,0.7545789473684211,474.9584745762712,75.61511299435028,26.628902542372884,828.421052631579,10.0,10.389473684210527,5.2894736842105265,Low_Efficiency,0.76,7.0
2016-04-14 08:00:00,-0.4999999999999997,-0.8660254037844388,6,1,21.238213276836163,21.728705273069682,Low,0.4215552631578947,546.5100282485876,86.96355932203389,28.39914406779661,522.6315789473684,28.42105263157895,10.053947368421053,5.254385964912281,Medium_Efficiency,0.98,7.0
2016-01-19 09:00:00,-0.7071067811865471,-0.7071067811865479,0,0,22.332790740740744,22.332790740740744,High,1.120121052631579,1248.541917989418,451.5281084656085,31.56631825396825,996.3157894736842,17.36842105263158,10.635087719298246,5.3464912280701755,Medium_Efficiency,0.86,7.0
2016-04-07 14:00:00,-0.7071067811865471,-0.7071067811865479,1,0,22.576047817460317,22.45441927910053,High,0.5221125,1359.017003968254,459.3637896825397,32.27328690476191,456.5,16.0,9.645416666666666,4.709722222222222,Medium_Efficiency,0.86,7.0
2016-05-25 02:00:00,-0.7071067811865471,-0.7071067811865479,2,0,21.87847222222222,22.262436926807762,Medium,0.42581,949.1430555555555,435.3902777777778,31.062125,536.5,16.5,9.83,5.166666666666666,High_Efficiency,0.66,3.5
2016-02-02 06:00:00,-0.7071067811865471,-0.7071067811865479,3,0,22.655145833333336,22.369888624338625,Medium,0.48180000000000006,822.0034722222221,269.475,26.66240277777778,426.0,12.0,10.874166666666666,3.5333333333333337,Low_Efficiency,0.76,7.0
2016-03-26 02:00:00,-0.7071067811865471,-0.7071067811865479,4,0,22.440847222222224,22.32482175925926,Medium,0.577885,734.0725,491.45763888888894,25.1417875,746.0,4.5,11.0,4.929166666666666,High_Efficiency,0.62,3.5
2016-01-29 19:00:00,-0.7071067811865471,-0.7071067811865479,5,1,20.773604166666665,21.95653240740741,Low,0.6273,476.10180555555553,40.73458333333333,27.291201388888894,808.9473684210526,11.052631578947368,10.532894736842104,5.407894736842105,Medium_Efficiency,0.98,7.0
2016-05-10 14:00:00,-0.7071067811865471,-0.7071067811865479,6,1,20.850472222222223,21.354974537037037,Low,0.32826315789473687,540.03375,49.734722222222224,28.726111111111113,494.2105263157895,26.842105263157894,10.298245614035089,5.425438596491228,High_Efficiency,0.69,3.5
2016-03-26 17:00:00,-0.8660254037844385,-0.5000000000000004,0,0,22.205295992714028,22.205295992714028,High,0.9881026315789474,1290.1438589643506,438.2145459276607,31.688917642466823,868.421052631579,25.789473684210527,10.24517543859649,5.2938596491228065,Medium_Efficiency,0.76,7.0
2016-05-24 04:00:00,-0.8660254037844385,-0.5000000000000004,1,0,22.475524590163936,22.34041029143898,High,0.47137999999999997,1425.1856557377048,440.7942818110851,32.749448087431695,494.5,23.5,9.477916666666667,4.638888888888888,High_Efficiency,0.69,3.5
2016-05-27 12:00:00,-0.8660254037844385,-0.5000000000000004,2,0,21.904918032786885,22.19524620522162,Medium,0.6339300000000001,780.9931693989071,429.9754098360656,30.264494535519127,658.5,19.5,9.735,4.945833333333334,Medium_Efficiency,0.9,7.0
2016-05-26 01:00:00,-0.8660254037844385,-0.5000000000000004,3,0,22.31568989071038,22.232044171220398,Medium,0.56364,818.0422131147541,407.02117486338796,26.67246038251366,726.5,5.5,10.751666666666667,3.6083333333333334,High_Efficiency,0.69,3.5
2016-03-09 12:00:00,-0.8660254037844385,-0.5000000000000004,4,0,21.875122950819673,22.03191029143898,Medium,0.5967500000000001,756.4377049180328,451.799043715847,26.1973087431694,771.0,4.0,11.004722222222224,4.955555555555556,High_Efficiency,0.64,3.5
2016-04-21 14:00:00,-0.8660254037844385,-0.5000000000000004,5,1,20.47666256830601,21.555825136612025,Low,0.7170868421052631,476.71680327868853,20.217896174863387,27.837602459016395,927.3684210526316,10.0,10.401315789473685,5.271929824561404,Medium_Efficiency,0.98,7.0
2016-02-19 13:00:00,-0.8660254037844385,-0.5000000000000004,6,1,20.37839480874317,20.910060109289617,Low,0.3972315789473683,545.8258196721312,27.878688524590164,29.33311475409836,601.578947368421,28.94736842105263,10.425438596491228,5.557017543859649,High_Efficiency,0.74,3.5
2016-02-27 22:00:00,-0.9659258262890683,-0.25881904510252063,0,0,22.197660075329566,22.197660075329566,High,1.5398500000000002,1251.4931732580035,426.74491525423736,31.246059994619316,1141.0,43.5,9.776250000000001,5.141666666666667,Low_Efficiency,0.76,7.0
2016-02-05 23:00:00,-0.9659258262890683,-0.25881904510252063,1,0,22.41879096045198,22.308225517890772,High,0.923195,1470.4978813559321,432.7141242937853,32.65783111380145,985.0,29.5,9.30125,4.772222222222222,High_Efficiency,0.62,3.5
2016-01-23 08:00:00,-0.9659258262890683,-0.25881904510252063,2,0,22.505349811676084,22.373933615819208,Medium,0.7732450000000001,720.6927966101696,423.7886064030132,28.59465395480226,799.0,28.0,9.250833333333333,4.4875,Medium_Efficiency,0.98,7.0
2016-03-09 12:00:00,-0.9659258262890683,-0.25881904510252063,3,0,22.079166666666666,22.334435812931577,Medium,1.0210200000000003,780.1532485875706,375.33516949152545,26.346107344632774,1078.0,14.0,10.440833333333334,3.5291666666666663,Medium_Efficiency,0.98,7.0
2016-03-17 14:00:00,-0.9659258262890683,-0.25881904510252063,4,0,21.550783898305085,22.04510012554928,Medium,0.8466425000000001,730.2309322033899,433.95663841807914,26.815573446327683,897.5,8.0,10.777222222222223,4.8805555555555555,Medium_Efficiency,0.98,7.0
2016-04-25 19:00:00,-0.9659258262890683,-0.25881904510252063,5,1,20.245007062146893,21.291652542372884,Low,0.9,477.1221751412429,3.522598870056497,28.409915254237283,973.1578947368421,26.842105263157894,9.955263157894738,5.18859649122807,Low_Efficiency,0.76,7.0
2016-04-12 13:00:00,-0.9659258262890683,-0.25881904510252063,6,1,20.032401129943505,20.60939736346516,Low,0.594521052631579,551.8167372881355,10.594632768361583,29.757146892655367,900.0,43.68421052631579,10.319736842105263,5.350877192982456,High_Efficiency,0.62,3.5
2016-04-30 23:00:00,-1.0,-1.8369701987210297e-16,0,0,21.728688888888886,21.728688888888886,High,1.3276575000000002,1058.9524074074072,33.24842592592592,30.598988888888886,1134.5,67.0,9.272916666666665,4.558333333333334,Medium_Efficiency,0.98,7.0
2016-04-28 00:00:00,-1.0,-1.8369701987210297e-16,1,0,22.03167361111111,21.88018125,High,1.0910900000000001,1316.8930555555555,68.74527777777777,31.9410125,1155.5,43.5,8.93625,4.718055555555556,High_Efficiency,0.66,3.5
2016-02-13 14:00:00,-1.0,-1.8369701987210297e-16,2,0,22.13178472222222,21.964049074074072,Medium,1.3667500000000001,656.1597222222223,110.44444444444443,28.188902777777777,1197.0,45.5,8.73375,4.1125,Low_Efficiency,0.76,7.0
2016-03-01 15:00:00,-1.0,-1.8369701987210297e-16,3,0,21.66951388888889,21.944324074074075,Medium,1.2627175000000002,661.6458333333335,16.15,25.552631944444446,1313.5,37.0,9.7575,3.3958333333333335,Medium_Efficiency,0.76,7.0
2016-02-18 03:00:00,-1.0,-1.8369701987210297e-16,4,0,21.2634375,21.688245370370367,Medium,0.7854,617.5159722222222,42.59583333333333,26.40074305555555,997.5,22.5,10.333888888888888,4.513888888888888,High_Efficiency,0.71,3.5
2016-05-16 20:00:00,-1.0,-1.8369701987210297e-16,5,1,20.062694444444446,20.998548611111108,Low,0.7251631578947368,477.92291666666665,0.0,29.088701388888886,1110.0,41.05263157894737,9.534210526315789,5.026315789473684,High_Efficiency,0.66,3.5
2016-02-25 12:00:00,-1.0,-1.8369701987210297e-16,6,1,19.902208333333334,20.409446759259257,Low,0.683715789473684,546.5347222222223,0.0,30.11945138888889,1032.6315789473683,52.63157894736842,9.97236842105263,4.885964912280701,High_Efficiency,0.74,3.5
2016-02-06 07:00:00,-0.9659258262890684,0.2588190451025203,0,0,20.944692167577415,20.944692167577415,Medium,0.712635,835.5456284153006,0.0,29.985168488160294,869.0,56.5,8.629166666666666,3.9416666666666664,High_Efficiency,0.74,3.5
2016-05-03 06:00:00,-0.9659258262890684,0.2588190451025203,1,0,21.347435792349728,21.14606397996357,High,0.888615,1164.191393442623,0.0,31.188935792349724,932.0,44.5,8.257916666666667,4.3597222222222225,High_Efficiency,0.62,3.5
2016-03-26 18:00:00,-0.9659258262890684,0.2588190451025203,2,0,21.583073770491808,21.29173391013965,Low,0.735165,561.6010928961749,0.0,28.49230191256831,896.5,64.5,8.126666666666667,3.9708333333333337,Medium_Efficiency,0.9,7.0
2016-04-22 12:00:00,-0.9659258262890684,0.2588190451025203,3,0,21.29513661202186,21.408548724954468,Low,0.670905,552.4118852459017,0.0,24.094002732240433,842.5,34.5,8.945833333333333,3.041666666666667,Medium_Efficiency,0.82,7.0
2016-01-22 20:00:00,-0.9659258262890684,0.2588190451025203,4,0,20.757814207650274,21.212008196721314,Low,0.5013473684210525,514.9561475409837,0.0,25.737390710382513,765.2631578947369,30.526315789473685,9.073684210526316,4.271929824561404,High_Efficiency,0.62,3.5
2016-02-13 00:00:00,-0.9659258262890684,0.2588190451025203,5,1,19.963715846994535,20.67222222222222,Low,0.8554736842105263,481.1284153005464,0.0,29.824603825136613,912.1052631578947,38.421052631578945,9.050877192982457,4.644736842105263,Low_Efficiency,0.9,7.0
2016-03-20 05:00:00,-0.9659258262890684,0.2588190451025203,6,1,19.85688524590164,20.19280510018215,Low,0.7422631578947368,549.125,0.0,30.171489071038252,785.7894736842105,38.94736842105263,9.41578947368421,4.5131578947368425,Low_Efficiency,0.79,7.0
2016-03-12 01:00:00,-0.8660254037844386,0.5000000000000001,0,0,20.66737288135593,20.66737288135593,Medium,0.92565,708.0409604519774,0.0,29.41093879472693,893.5,96.5,8.02,3.5458333333333334,Medium_Efficiency,0.9,7.0
2016-04-14 15:00:00,-0.8660254037844386,0.5000000000000001,1,0,21.089039548022598,20.878206214689264,High,1.1973,1107.9865819209037,0.0,30.48869350282486,861.0,60.0,7.449583333333334,4.026388888888889,Low_Efficiency,0.76,7.0
2016-05-15 02:00:00,-0.8660254037844386,0.5000000000000001,2,0,21.302450564971753,21.01962099811676,Low,0.56763,512.9286723163841,0.0,28.211793785310732,841.0,60.0,7.3862499999999995,3.65,High_Efficiency,0.69,3.5
2016-02-21 00:00:00,-0.8660254037844386,0.5000000000000001,3,0,21.177747175141242,21.189745762711865,Low,0.5760449999999999,520.5430790960452,0.0,23.5919209039548,693.0,60.0,8.184583333333332,2.8333333333333335,Medium_Efficiency,0.82,7.0
2016-03-08 13:00:00,-0.8660254037844386,0.5000000000000001,4,0,20.431807909604522,20.970668549905838,Low,0.49322368421052626,486.09180790960454,0.0,25.350663841807908,613.1578947368421,31.57894736842105,8.389473684210527,3.9473684210526314,Medium_Efficiency,0.9,7.0
2016-04-10 09:00:00,-0.8660254037844386,0.5000000000000001,5,1,19.914053672316385,20.507869585687384,Low,0.5202000000000001,483.7083333333333,0.0,30.48600282485876,637.8947368421053,42.10526315789474,8.43421052631579,4.434210526315789,Medium_Efficiency,0.82,7.0
2016-05-11 21:00:00,-0.8660254037844386,0.5000000000000001,6,1,19.897768361581925,20.081209981167607,Low,0.6341447368421054,562.9237288135593,0.0,29.843446327683615,781.0526315789474,47.89473684210526,8.60482456140351,4.421052631578948,Medium_Efficiency,0.86,7.0
2016-03-19 00:00:00,-0.7071067811865477,0.7071067811865474,0,0,20.585209259259262,20.585209259259262,Medium,0.541695,631.866388888889,0.0,28.90964537037037,600.0,103.5,7.4,3.4,High_Efficiency,0.69,3.5
2016-02-22 22:00:00,-0.7071067811865477,0.7071067811865474,1,0,20.96548611111111,20.77534768518519,High,0.6491875,1103.7343055555555,0.0,29.631480555555555,543.5,44.0,6.628750000000001,3.8166666666666664,Medium_Efficiency,0.98,7.0
2016-04-07 18:00:00,-0.7071067811865477,0.7071067811865474,2,0,21.120652777777778,20.890449382716053,Low,0.5060475,491.7208333333333,0.0,27.72297916666667,614.5,47.0,6.707083333333332,3.65,Medium_Efficiency,0.9,7.0
2016-03-28 13:00:00,-0.7071067811865477,0.7071067811865474,3,0,20.987777777777776,21.02463888888889,Low,0.44867250000000003,515.3055555555557,0.0,23.683097222222223,545.5,41.0,7.415000000000001,2.8875,Medium_Efficiency,0.82,7.0
2016-04-16 18:00:00,-0.7071067811865477,0.7071067811865474,4,0,20.25797222222222,20.788800925925926,Low,0.40545000000000003,478.18611111111113,0.0,25.09676388888889,508.94736842105266,21.05263157894737,7.6535087719298245,3.6008771929824563,Medium_Efficiency,0.98,7.0
2016-04-21 02:00:00,-0.7071067811865477,0.7071067811865474,5,1,19.883638888888886,20.37646296296296,Low,0.4630263157894737,486.32916666666665,0.0,31.062215277777774,573.6842105263158,31.57894736842105,7.846929824561403,4.285087719298246,Medium_Efficiency,0.9,7.0
2016-01-31 18:00:00,-0.7071067811865477,0.7071067811865474,6,1,19.91061111111111,20.017407407407404,Low,0.44398421052631576,576.2458333333333,0.0,29.611458333333335,667.3684210526316,37.36842105263158,7.874561403508772,4.37719298245614,High_Efficiency,0.69,3.5
2016-02-07 21:00:00,-0.5000000000000004,0.8660254037844384,0,0,20.51522222222222,20.51522222222222,Low,0.34587,599.3769581056466,0.0,28.625947176684885,457.0,92.0,6.9158333333333335,3.4833333333333334,High_Efficiency,0.62,3.5
2016-03-14 23:00:00,-0.5000000000000004,0.8660254037844384,1,0,20.866004098360655,20.690613160291438,High,0.37400999999999995,1051.0818306010929,0.0,28.605539617486343,371.5,39.5,6.180833333333333,3.7416666666666663,High_Efficiency,0.62,3.5
2016-03-29 08:00:00,-0.5000000000000004,0.8660254037844384,2,0,20.965450819672128,20.782225713418335,Low,0.35037,483.469262295082,0.0,27.10905054644809,412.5,45.5,6.148750000000001,3.4833333333333334,Medium_Efficiency,0.82,7.0
2016-05-11 20:00:00,-0.5000000000000004,0.8660254037844384,3,0,20.786591530054643,20.872682149362475,Low,0.2972025,509.2773224043716,0.0,23.879590163934424,353.0,35.5,6.7595833333333335,2.841666666666667,Medium_Efficiency,0.98,7.0
2016-03-04 04:00:00,-0.5000000000000004,0.8660254037844384,4,0,20.092732240437158,20.614924863387976,Low,0.31324736842105266,475.344262295082,0.0,25.236844262295083,391.57894736842104,17.894736842105264,7.046929824561403,3.5657894736842106,Medium_Efficiency,0.98,7.0
2016-02-01 14:00:00,-0.5000000000000004,0.8660254037844384,5,1,19.817103825136613,20.23214253187614,Low,0.459,485.2513661202186,0.0,31.97110655737705,481.05263157894734,28.94736842105263,7.351315789473683,4.0131578947368425,Low_Efficiency,0.79,7.0
2016-01-17 04:00:00,-0.5000000000000004,0.8660254037844384,6,1,19.889508196721312,19.93311475409836,Low,0.36760263157894735,584.4064207650273,0.0,29.30476092896175,441.05263157894734,39.473684210526315,7.458771929824562,4.2061403508771935,Medium_Efficiency,0.64,3.5
2016-03-29 11:00:00,-0.25881904510252157,0.9659258262890681,0,0,20.423253295668548,20.423253295668548,Low,0.3476925,563.3735404896421,0.0,28.58573163841808,380.0,74.5,6.43,3.6416666666666666,Medium_Efficiency,0.9,7.0
2016-02-29 08:00:00,-0.25881904510252157,0.9659258262890681,1,0,20.883820621468928,20.653536958568736,Medium,0.325325,876.3529661016948,0.0,27.643214689265537,385.0,37.5,5.9925,3.9666666666666663,High_Efficiency,0.71,3.5
2016-03-23 10:00:00,-0.25881904510252157,0.9659258262890681,2,0,20.90385593220339,20.736976616446956,Low,0.31995,481.70480225988706,0.0,26.525543785310735,323.0,32.5,5.507083333333333,3.041666666666667,Low_Efficiency,0.76,7.0
2016-03-14 10:00:00,-0.25881904510252157,0.9659258262890681,3,0,20.68396186440678,20.823879472693033,Low,0.21231,506.93573446327684,0.0,23.669187853107346,312.5,24.5,6.247361111111111,2.948611111111111,High_Efficiency,0.64,3.5
2016-02-03 16:00:00,-0.25881904510252157,0.9659258262890681,4,0,20.01213276836158,20.533316854990584,Low,0.280421052631579,472.19420903954807,0.0,25.867203389830507,298.94736842105266,12.631578947368421,6.7407894736842096,3.6052631578947367,Low_Efficiency,0.9,7.0
2016-04-29 18:00:00,-0.25881904510252157,0.9659258262890681,5,1,19.831045197740114,20.17571327683616,Low,0.27942631578947374,487.18573446327684,0.0,32.39183615819209,354.7368421052632,10.526315789473685,7.008333333333333,4.06140350877193,Medium_Efficiency,0.82,7.0
2016-05-18 01:00:00,-0.25881904510252157,0.9659258262890681,6,1,19.878361581920903,19.907179849340864,Low,0.2854657894736842,591.2881355932203,0.0,28.690331920903958,337.36842105263156,35.78947368421053,7.082894736842104,4.0964912280701755,Medium_Efficiency,0.9,7.0
